{
  "project_info": {
    "project_number": "254194057235",
    "project_id": "planty-homes",
    "storage_bucket": "planty-homes.appspot.com"
  },
  "client": [
    {
      "client_info": {
        "mobilesdk_app_id": "1:254194057235:android:ad664aa25eac0736f83fe6",
        "android_client_info": {
          "package_name": "com.plantyhomes.planty_homes"
        }
      },
      "oauth_client": [
        {
          "client_id": "254194057235-daap58v3v1hlbiupa55j2aunh4a5hkal.apps.googleusercontent.com",
          "client_type": 3
        }
      ],
      "api_key": [
        {
          "current_key": "AIzaSyCIW4h4yGKqu_yJ5Khm1_Wy9ynC19dpiRc"
        }
      ],
      "services": {
        "appinvite_service": {
          "other_platform_oauth_client": [
            {
              "client_id": "254194057235-daap58v3v1hlbiupa55j2aunh4a5hkal.apps.googleusercontent.com",
              "client_type": 3
            }
          ]
        }
      }
    }
  ],
  "configuration_version": "1"
}